{
  "summary": {
    "n_tiles": 120,
    "evaluation_date": "2025-11-30T15:42:18.211982"
  },
  "metrics": {
    "iou": {
      "mean": 0.0,
      "std": 0.0,
      "min": 0.0,
      "max": 0.0,
      "median": 0.0,
      "n": 120
    },
    "f1": {
      "mean": 0.0,
      "std": 0.0,
      "min": 0.0,
      "max": 0.0,
      "median": 0.0,
      "n": 120
    },
    "precision": {
      "mean": 0.0,
      "std": 0.0,
      "min": 0.0,
      "max": 0.0,
      "median": 0.0,
      "n": 120
    },
    "recall": {
      "mean": 0.0,
      "std": 0.0,
      "min": 0.0,
      "max": 0.0,
      "median": 0.0,
      "n": 120
    },
    "accuracy": {
      "mean": 0.9938090960180942,
      "std": 0.004861730247901385,
      "min": 0.9782714843746269,
      "max": 0.9999999999996185,
      "median": 0.9936027526851678,
      "n": 120
    },
    "micro": {
      "iou": 0.0,
      "f1": 0.0,
      "precision": 0.0,
      "recall": 0.0,
      "accuracy": 0.0,
      "confusion": {
        "tp": 0,
        "fp": 0,
        "fn": 0,
        "tn": 0,
        "total": 0,
        "positives": 0,
        "negatives": 0
      }
    }
  },
  "calibration": {
    "mean_ece": 0.1864360071659699,
    "mean_mce": 0.9499999999999997,
    "ece_std": 0.004713985468969812
  },
  "recommendations": {
    "optimal_threshold": 0.3,
    "threshold_std": 5.551115123125783e-17
  }
}