{
  "ece": 0.07710377918149033,
  "mce": 0.0,
  "bin_centers": [
    0.05,
    0.15000000000000002,
    0.25,
    0.35000000000000003,
    0.45,
    0.55,
    0.6500000000000001,
    0.75,
    0.8500000000000001,
    0.95
  ],
  "bin_accuracies": [
    0.0,
    0.0,
    0.0,
    0.05714285714285714,
    0.7322834645669292,
    1.0,
    1.0,
    1.0,
    1.0,
    NaN
  ],
  "bin_confidences": [
    0.07444491431994289,
    0.10724921199567441,
    0.24864515255276973,
    0.3409365153312683,
    0.4582293066452807,
    0.5548660674337613,
    0.6587300989946696,
    0.7501727872911621,
    0.8205076635349542,
    NaN
  ],
  "bin_counts": [
    290810,
    6390,
    260,
    175,
    127,
    236,
    658,
    1088,
    256,
    0
  ],
  "total_samples": 300000
}